<?xml version="1.0" encoding="UTF-8"?>
<beans xmlns="http://www.springframework.org/schema/beans"  
    xmlns:xsi="http://www.w3.org/2001/XMLSchema-instance" 
    xmlns:context="http://www.springframework.org/schema/context"  
    xmlns:tx="http://www.springframework.org/schema/tx" 
    xmlns:mvc="http://www.springframework.org/schema/mvc" 
    xsi:schemaLocation="http://www.springframework.org/schema/mvc     
    http://www.springframework.org/schema/mvc/spring-mvc-3.0.xsd  
http://www.springframework.org/schema/beans  
http://www.springframework.org/schema/beans/spring-beans-3.0.xsd  
http://www.springframework.org/schema/context  
http://www.springframework.org/schema/context/spring-context-3.0.xsd  
http://www.springframework.org/schema/tx  
http://www.springframework.org/schema/tx/spring-tx-3.0.xsd">
<bean id="ad" class="com.nucleus.Address">
<property name="city" value="Kanpur"></property>
<property name="state" value="UP"></property>
</bean>  
<bean id="emp1" class="com.nucleus.Employee">
<property name="empId" value="102"></property>
<property name="empName" value="Shikha"></property>
<property name="adrs" ref="ad"></property>
</bean>
</beans>
