<?xml version="1.0" encoding="UTF-8"?>
<beans xmlns="http://www.springframework.org/schema/beans"  
    xmlns:xsi="http://www.w3.org/2001/XMLSchema-instance" 
    xmlns:context="http://www.springframework.org/schema/context"  
    xmlns:tx="http://www.springframework.org/schema/tx" 
    xmlns:mvc="http://www.springframework.org/schema/mvc" 
    xsi:schemaLocation="http://www.springframework.org/schema/mvc     
    http://www.springframework.org/schema/mvc/spring-mvc-3.0.xsd  
http://www.springframework.org/schema/beans  
http://www.springframework.org/schema/beans/spring-beans-3.0.xsd  
http://www.springframework.org/schema/context  
http://www.springframework.org/schema/context/spring-context-3.0.xsd  
http://www.springframework.org/schema/tx  
http://www.springframework.org/schema/tx/spring-tx-3.0.xsd">
<context:annotation-config></context:annotation-config>
<!-- <bean id="bean1" class="com.nucleus.Employee">
<property name="eId" value="${employee.eid}"></property>
<property name="eName" value="${employee.ename}"></property>
</bean>
<bean id="bean2" class="com.nucleus.Employee">
<property name="eId" value="${employee.eid1}"></property>
<property name="eName" value="${employee.ename1}"></property>
</bean>
<bean class="org.springframework.beans.factory.config.PropertyPlaceholderConfigurer">
<property name="locations">
<list>
<value>
value.properties
</value>
</list>
</property>
</bean> -->
<bean id="emp" class="com.nucleus.prop.Employee" scope="prototype">
</bean>
<bean id="msg" class="org.springframework.context.support.ResourceBundleMessageSource">
<property name="basenames">
<list>
<value>
value
</value>
</list></property>
</bean>
<bean id="test" class="com.nucleus.prop.TestProp">
</bean>
</beans>