<?xml version="1.0" encoding="UTF-8"?>
<beans xmlns="http://www.springframework.org/schema/beans"  
    xmlns:xsi="http://www.w3.org/2001/XMLSchema-instance" 
    xmlns:context="http://www.springframework.org/schema/context"  
    xmlns:tx="http://www.springframework.org/schema/tx" 
    xmlns:mvc="http://www.springframework.org/schema/mvc" 
    xsi:schemaLocation="http://www.springframework.org/schema/mvc     
    http://www.springframework.org/schema/mvc/spring-mvc-3.0.xsd  
http://www.springframework.org/schema/beans  
http://www.springframework.org/schema/beans/spring-beans-3.0.xsd  
http://www.springframework.org/schema/context  
http://www.springframework.org/schema/context/spring-context-3.0.xsd  
http://www.springframework.org/schema/tx  
http://www.springframework.org/schema/tx/spring-tx-3.0.xsd">
<context:component-scan base-package="com.nucleus"></context:component-scan>
   <mvc:annotation-driven />
   <context:annotation-config/>
   <bean class="org.springframework.web.servlet.view.InternalResourceViewResolver">
        <property name="prefix" value="/WEB-INF/views/" />
        <property name="suffix" value=".jsp" />
    </bean>
    <bean id="dataSource" class="org.springframework.jdbc.datasource.DriverManagerDataSource">
    <property name="driverClassName" value="${driver}"></property>
    <property name="url" value="${url}"></property>
    <property name="username" value="${username}"></property>
    <property name="password" value="${password}"></property>
    </bean>
    <bean class="org.springframework.beans.factory.config.PropertyPlaceholderConfigurer">
<property name="locations">
<list>
<value>
connection.properties
</value>
</list>
</property>
</bean>
<bean id="msgSource" class=" org.springframework.context.support.ReloadableResourceBundleMessageSource">
<property name="basenames">
<list>
<value>
dispatcher
</value>
</list>
</property>
</bean>
    <bean id="jdbcTemplate" class="org.springframework.jdbc.core.JdbcTemplate">
    <property name="dataSource" ref="dataSource"></property>
    </bean>
    <bean id="authSuccess" class="com.nucleus.securityhandler.AuthSuccessHandler"></bean>
</beans>