<beans:beans xmlns="http://www.springframework.org/schema/security"
	xmlns:beans="http://www.springframework.org/schema/beans" 
	xmlns:xsi="http://www.w3.org/2001/XMLSchema-instance"
	xsi:schemaLocation="http://www.springframework.org/schema/beans
	http://www.springframework.org/schema/beans/spring-beans-3.1.xsd
	http://www.springframework.org/schema/security
	http://www.springframework.org/schema/security/spring-security-3.1.xsd">
	<beans:import resource="dispatcher-servlet.xml"/>
		<http auto-config="true">
		<intercept-url pattern="/" access="IS_AUTHENTICATED_ANONYMOUSLY"/>
		<intercept-url pattern="/logout" access="IS_AUTHENTICATED_ANONYMOUSLY"/>
		<intercept-url pattern="/welcomemaker" access="ROLE_MAKER"/>
		<intercept-url pattern="/welcomechecker" access="ROLE_CHECKER"/>
	 <form-login login-page="/" authentication-success-handler-ref="authSuccess"/>
	 <access-denied-handler error-page="/accessdenied"/>
	 <logout logout-success-url="/logout"/>
    </http>
	<authentication-manager>
	<authentication-provider>
	<jdbc-user-service data-source-ref="dataSource" 
	users-by-username-query="select username,pass,enabled from user_shikha where username=?" 
	authorities-by-username-query="select user_shikha.username,role_shikha.rname from role_shikha join map_shikha on(role_shikha.rid=map_shikha.rid) join user_shikha on(map_shikha.username=user_shikha.username) where user_shikha.username =?"/>
	</authentication-provider>
	</authentication-manager>
	</beans:beans>