<?xml version="1.0" encoding="UTF-8"?>
<beans xmlns="http://www.springframework.org/schema/beans"  
    xmlns:xsi="http://www.w3.org/2001/XMLSchema-instance" 
    xmlns:context="http://www.springframework.org/schema/context"  
    xmlns:tx="http://www.springframework.org/schema/tx" 
    xmlns:mvc="http://www.springframework.org/schema/mvc" 
    xsi:schemaLocation="http://www.springframework.org/schema/mvc     
    http://www.springframework.org/schema/mvc/spring-mvc-3.0.xsd  
http://www.springframework.org/schema/beans  
http://www.springframework.org/schema/beans/spring-beans-3.0.xsd  
http://www.springframework.org/schema/context  
http://www.springframework.org/schema/context/spring-context-3.0.xsd  
http://www.springframework.org/schema/tx  
http://www.springframework.org/schema/tx/spring-tx-3.0.xsd" default-init-method="myInit" default-destroy-method="myDestroy">
<bean id="msg1" class="com.lifecycle.Message">
<property name="message" value="123"></property>
</bean>
<bean id="hello" class="com.lifecycle.Hello">
<property name="hello" value="hello"></property>
</bean>
<bean id="bean1" class="com.lifecycle.BeanPostProcessorChild"></bean>
<bean id="bean2" class="com.lifecycle.BeanFactoryPostProcessorChild"></bean>
</beans>