<?xml version="1.0" encoding="UTF-8"?>
<beans xmlns="http://www.springframework.org/schema/beans"  
    xmlns:xsi="http://www.w3.org/2001/XMLSchema-instance" 
    xmlns:context="http://www.springframework.org/schema/context"  
    xmlns:tx="http://www.springframework.org/schema/tx" 
    xmlns:mvc="http://www.springframework.org/schema/mvc" 
    xsi:schemaLocation="http://www.springframework.org/schema/mvc     
    http://www.springframework.org/schema/mvc/spring-mvc-3.0.xsd  
http://www.springframework.org/schema/beans  
http://www.springframework.org/schema/beans/spring-beans-3.0.xsd  
http://www.springframework.org/schema/context  
http://www.springframework.org/schema/context/spring-context-3.0.xsd  
http://www.springframework.org/schema/tx  
http://www.springframework.org/schema/tx/spring-tx-3.0.xsd">
<bean id="c1" class="com.nucleus.newPack.Contact">
<property name="stdCode" value="0522"></property>
<property name="number" value="678678678"></property>
</bean>
<bean id="c2" class="com.nucleus.newPack.Contact">
<property name="stdCode" value="0511"></property>
<property name="number" value="876876876"></property>
</bean>
<bean id="emp1" class="com.nucleus.newPack.Employee">
<property name="eId" value="201"></property>
<property name="eName" value="Shikha"></property>
<property name="con">
<list>
<ref bean="c1"></ref>
<ref bean="c2"></ref>
</list>
</property>
</bean>
</beans>