<?xml version="1.0" encoding="UTF-8"?>
<beans xmlns="http://www.springframework.org/schema/beans"  
    xmlns:xsi="http://www.w3.org/2001/XMLSchema-instance" 
    xmlns:context="http://www.springframework.org/schema/context"  
    xmlns:tx="http://www.springframework.org/schema/tx" 
    xmlns:mvc="http://www.springframework.org/schema/mvc" 
    xsi:schemaLocation="http://www.springframework.org/schema/mvc     
    http://www.springframework.org/schema/mvc/spring-mvc-3.0.xsd  
http://www.springframework.org/schema/beans  
http://www.springframework.org/schema/beans/spring-beans-3.0.xsd  
http://www.springframework.org/schema/context  
http://www.springframework.org/schema/context/spring-context-3.0.xsd  
http://www.springframework.org/schema/tx  
http://www.springframework.org/schema/tx/spring-tx-3.0.xsd">
<context:annotation-config/>
<bean id="ad" class="com.nucleus.library.Address">
<property name="state" value="UP"></property>
<property name="city" value="Noida"></property>
</bean>
<bean id="adrs" class="com.nucleus.library.Address">
<property name="state" value="UP"></property>
<property name="city" value="kanpur"></property>
</bean>
<bean id="b1" class="com.nucleus.library.Book">
<property name="isbn" value="201"></property>
<property name="bookName" value="HeadFirst"></property>
<property name="quantity" value="4"></property>
</bean>
<bean id="b2" class="com.nucleus.library.Book">
<property name="isbn" value="202"></property>
<property name="bookName" value="Oracle"></property>
<property name="quantity" value="3"></property>
</bean>
<bean id="b3" class="com.nucleus.library.Book">
<property name="isbn" value="203"></property>
<property name="bookName" value="CompleteReference"></property>
<property name="quantity" value="5"></property>
</bean>
<bean id="lib" class="com.nucleus.library.Library">
<property name="libName" value="Java library"></property>
<property name="map">
<map>
<entry key="1" value-ref="b1"></entry>
<entry key="2" value-ref="b2"></entry>
<entry key="3" value-ref="b3"></entry>
</map>
</property>
</bean>
</beans>